<?xml version="1.0" encoding="UTF-8" standalone="yes"?>
<ns2:ExportManifest xmlns:ns2="http://www.pentaho.com/schema/">
    <ExportManifestInformation exportDate="12-09-2018 12:59:01 MSK" exportBy="golovachev" rootFolder="/home/golovachev/" manifestVersion="2"/>
    <ExportManifestEntity path="ETL">
        <ExportManifestProperty>
            <EntityMetaData name="ETL" createdDate="2018-03-06T07:45:59.099+03:00" isFolder="true" path="ETL" isHidden="false" isSchedulable="true" locale="en_US" title="ETL"/>
        </ExportManifestProperty>
        <ExportManifestProperty>
            <EntityAcl>
                <entriesInheriting>true</entriesInheriting>
                <owner>golovachev</owner>
                <ownerType>USER</ownerType>
            </EntityAcl>
        </ExportManifestProperty>
    </ExportManifestEntity>
    <ExportManifestEntity path="ETL/Extract. Выгружаем GLN с регионами для clickhouse.ktr">
        <ExportManifestProperty>
            <EntityMetaData name="Extract. Выгружаем GLN с регионами для clickhouse.ktr" createdDate="2018-09-11T14:23:19.824+03:00" isFolder="false" path="ETL/Extract. Выгружаем GLN с регионами для clickhouse.ktr" isHidden="false" isSchedulable="true" locale="en_US" title="Extract. Выгружаем GLN с регионами для clickhouse"/>
        </ExportManifestProperty>
        <ExportManifestProperty>
            <EntityAcl>
                <entriesInheriting>true</entriesInheriting>
                <owner>golovachev</owner>
                <ownerType>USER</ownerType>
            </EntityAcl>
        </ExportManifestProperty>
    </ExportManifestEntity>
    <ExportManifestEntity path="ETL/Extract. Выгружаем справочник весов позиций.ktr">
        <ExportManifestProperty>
            <EntityMetaData name="Extract. Выгружаем справочник весов позиций.ktr" createdDate="2018-09-11T15:34:48.250+03:00" isFolder="false" path="ETL/Extract. Выгружаем справочник весов позиций.ktr" isHidden="false" isSchedulable="true" locale="en_US" title="Extract. Выгружаем справочник весов позиций"/>
        </ExportManifestProperty>
        <ExportManifestProperty>
            <EntityAcl>
                <entriesInheriting>true</entriesInheriting>
                <owner>golovachev</owner>
                <ownerType>USER</ownerType>
            </EntityAcl>
        </ExportManifestProperty>
    </ExportManifestEntity>
    <ExportManifestEntity path="ETL/Extract. Загружаю в mysql список цепочек документов от x5.ktr">
        <ExportManifestProperty>
            <EntityMetaData name="Extract. Загружаю в mysql список цепочек документов от x5.ktr" createdDate="2018-04-19T12:28:38.736+03:00" isFolder="false" path="ETL/Extract. Загружаю в mysql список цепочек документов от x5.ktr" isHidden="false" isSchedulable="true" locale="en_US" title="Extract. Загружаю в mysql список цепочек документов от x5"/>
        </ExportManifestProperty>
        <ExportManifestProperty>
            <EntityAcl>
                <entriesInheriting>true</entriesInheriting>
                <owner>golovachev</owner>
                <ownerType>USER</ownerType>
            </EntityAcl>
        </ExportManifestProperty>
    </ExportManifestEntity>
    <ExportManifestEntity path="ETL/Extract. Перегружаем docs_body для x5 (по справочникам).ktr">
        <ExportManifestProperty>
            <EntityMetaData name="Extract. Перегружаем docs_body для x5 (по справочникам).ktr" createdDate="2018-04-23T19:45:36.273+03:00" isFolder="false" path="ETL/Extract. Перегружаем docs_body для x5 (по справочникам).ktr" isHidden="false" isSchedulable="true" locale="en_US" title="Extract. Перегружаем docs_body для x5 (по справочникам)"/>
        </ExportManifestProperty>
        <ExportManifestProperty>
            <EntityAcl>
                <entriesInheriting>true</entriesInheriting>
                <owner>golovachev</owner>
                <ownerType>USER</ownerType>
            </EntityAcl>
        </ExportManifestProperty>
    </ExportManifestEntity>
    <ExportManifestEntity path="ETL/Extract. Перегружаем docs_body для x5.ktr">
        <ExportManifestProperty>
            <EntityMetaData name="Extract. Перегружаем docs_body для x5.ktr" createdDate="2018-04-17T17:13:30.482+03:00" isFolder="false" path="ETL/Extract. Перегружаем docs_body для x5.ktr" isHidden="false" isSchedulable="true" locale="en_US" title="Extract. Перегружаем docs_body для x5"/>
        </ExportManifestProperty>
        <ExportManifestProperty>
            <EntityAcl>
                <entriesInheriting>true</entriesInheriting>
                <owner>golovachev</owner>
                <ownerType>USER</ownerType>
            </EntityAcl>
        </ExportManifestProperty>
    </ExportManifestEntity>
    <ExportManifestEntity path="ETL/Extract. Перегружаем docs_body по x5 (УПД).ktr">
        <ExportManifestProperty>
            <EntityMetaData name="Extract. Перегружаем docs_body по x5 (УПД).ktr" createdDate="2018-06-15T09:24:05.706+03:00" isFolder="false" path="ETL/Extract. Перегружаем docs_body по x5 (УПД).ktr" isHidden="false" isSchedulable="true" locale="en_US" title="Extract. Перегружаем docs_body по x5 (УПД)"/>
        </ExportManifestProperty>
        <ExportManifestProperty>
            <EntityAcl>
                <entriesInheriting>true</entriesInheriting>
                <owner>golovachev</owner>
                <ownerType>USER</ownerType>
            </EntityAcl>
        </ExportManifestProperty>
    </ExportManifestEntity>
    <ExportManifestEntity path="ETL/Extract. Перегружаем docs_body по Магнолия (УПД) с prod в файл.ktr">
        <ExportManifestProperty>
            <EntityMetaData name="Extract. Перегружаем docs_body по Магнолия (УПД) с prod в файл.ktr" createdDate="2018-07-24T10:33:23.089+03:00" isFolder="false" path="ETL/Extract. Перегружаем docs_body по Магнолия (УПД) с prod в файл.ktr" isHidden="false" isSchedulable="true" locale="en_US" title="Extract. Перегружаем docs_body по Магнолия (УПД) с prod в файл"/>
        </ExportManifestProperty>
        <ExportManifestProperty>
            <EntityAcl>
                <entriesInheriting>true</entriesInheriting>
                <owner>golovachev</owner>
                <ownerType>USER</ownerType>
            </EntityAcl>
        </ExportManifestProperty>
    </ExportManifestEntity>
    <ExportManifestEntity path="ETL/Extract. Перегружаем docs_body по Магнолия (УПД) с prod из файла.ktr">
        <ExportManifestProperty>
            <EntityMetaData name="Extract. Перегружаем docs_body по Магнолия (УПД) с prod из файла.ktr" createdDate="2018-07-24T10:46:04.003+03:00" isFolder="false" path="ETL/Extract. Перегружаем docs_body по Магнолия (УПД) с prod из файла.ktr" isHidden="false" isSchedulable="true" locale="en_US" title="Extract. Перегружаем docs_body по Магнолия (УПД) с prod из файла"/>
        </ExportManifestProperty>
        <ExportManifestProperty>
            <EntityAcl>
                <entriesInheriting>true</entriesInheriting>
                <owner>golovachev</owner>
                <ownerType>USER</ownerType>
            </EntityAcl>
        </ExportManifestProperty>
    </ExportManifestEntity>
    <ExportManifestEntity path="ETL/Extract. Перегружаем docs_body по Магнолия (УПД).ktr">
        <ExportManifestProperty>
            <EntityMetaData name="Extract. Перегружаем docs_body по Магнолия (УПД).ktr" createdDate="2018-06-28T10:11:37.681+03:00" isFolder="false" path="ETL/Extract. Перегружаем docs_body по Магнолия (УПД).ktr" isHidden="false" isSchedulable="true" locale="en_US" title="Extract. Перегружаем docs_body по Магнолия (УПД)"/>
        </ExportManifestProperty>
        <ExportManifestProperty>
            <EntityAcl>
                <entriesInheriting>true</entriesInheriting>
                <owner>golovachev</owner>
                <ownerType>USER</ownerType>
            </EntityAcl>
        </ExportManifestProperty>
    </ExportManifestEntity>
    <ExportManifestEntity path="ETL/Extract. Перегружаем docs_body по Магнолия c prod в файл.ktr">
        <ExportManifestProperty>
            <EntityMetaData name="Extract. Перегружаем docs_body по Магнолия c prod в файл.ktr" createdDate="2018-07-23T12:19:02.815+03:00" isFolder="false" path="ETL/Extract. Перегружаем docs_body по Магнолия c prod в файл.ktr" isHidden="false" isSchedulable="true" locale="en_US" title="Extract. Перегружаем docs_body по Магнолия c prod в файл"/>
        </ExportManifestProperty>
        <ExportManifestProperty>
            <EntityAcl>
                <entriesInheriting>true</entriesInheriting>
                <owner>golovachev</owner>
                <ownerType>USER</ownerType>
            </EntityAcl>
        </ExportManifestProperty>
    </ExportManifestEntity>
    <ExportManifestEntity path="ETL/Extract. Перегружаем docs_body по Магнолия c prod из файла.ktr">
        <ExportManifestProperty>
            <EntityMetaData name="Extract. Перегружаем docs_body по Магнолия c prod из файла.ktr" createdDate="2018-07-24T08:46:04.111+03:00" isFolder="false" path="ETL/Extract. Перегружаем docs_body по Магнолия c prod из файла.ktr" isHidden="false" isSchedulable="true" locale="en_US" title="Extract. Перегружаем docs_body по Магнолия c prod из файла"/>
        </ExportManifestProperty>
        <ExportManifestProperty>
            <EntityAcl>
                <entriesInheriting>true</entriesInheriting>
                <owner>golovachev</owner>
                <ownerType>USER</ownerType>
            </EntityAcl>
        </ExportManifestProperty>
    </ExportManifestEntity>
    <ExportManifestEntity path="ETL/Extract. Перегружаем docs_body по Магнолия из архива.ktr">
        <ExportManifestProperty>
            <EntityMetaData name="Extract. Перегружаем docs_body по Магнолия из архива.ktr" createdDate="2018-07-23T12:39:36.960+03:00" isFolder="false" path="ETL/Extract. Перегружаем docs_body по Магнолия из архива.ktr" isHidden="false" isSchedulable="true" locale="en_US" title="Extract. Перегружаем docs_body по Магнолия из архива"/>
        </ExportManifestProperty>
        <ExportManifestProperty>
            <EntityAcl>
                <entriesInheriting>true</entriesInheriting>
                <owner>golovachev</owner>
                <ownerType>USER</ownerType>
            </EntityAcl>
        </ExportManifestProperty>
    </ExportManifestEntity>
    <ExportManifestEntity path="ETL/Extract. Перегружаем docs_body по Магнолия.ktr">
        <ExportManifestProperty>
            <EntityMetaData name="Extract. Перегружаем docs_body по Магнолия.ktr" createdDate="2018-06-28T08:25:13.692+03:00" isFolder="false" path="ETL/Extract. Перегружаем docs_body по Магнолия.ktr" isHidden="false" isSchedulable="true" locale="en_US" title="Extract. Перегружаем docs_body по Магнолия"/>
        </ExportManifestProperty>
        <ExportManifestProperty>
            <EntityAcl>
                <entriesInheriting>true</entriesInheriting>
                <owner>golovachev</owner>
                <ownerType>USER</ownerType>
            </EntityAcl>
        </ExportManifestProperty>
    </ExportManifestEntity>
    <ExportManifestEntity path="ETL/Extract. Перегружаем docs_body по Молвест (УПД).ktr">
        <ExportManifestProperty>
            <EntityMetaData name="Extract. Перегружаем docs_body по Молвест (УПД).ktr" createdDate="2018-06-04T10:44:13.944+03:00" isFolder="false" path="ETL/Extract. Перегружаем docs_body по Молвест (УПД).ktr" isHidden="false" isSchedulable="true" locale="en_US" title="Extract. Перегружаем docs_body по Молвест (УПД)"/>
        </ExportManifestProperty>
        <ExportManifestProperty>
            <EntityAcl>
                <entriesInheriting>true</entriesInheriting>
                <owner>golovachev</owner>
                <ownerType>USER</ownerType>
            </EntityAcl>
        </ExportManifestProperty>
    </ExportManifestEntity>
    <ExportManifestEntity path="ETL/Extract. Перегружаем docs_body по Молвест.ktr">
        <ExportManifestProperty>
            <EntityMetaData name="Extract. Перегружаем docs_body по Молвест.ktr" createdDate="2018-05-08T16:45:36.721+03:00" isFolder="false" path="ETL/Extract. Перегружаем docs_body по Молвест.ktr" isHidden="false" isSchedulable="true" locale="en_US" title="Extract. Перегружаем docs_body по Молвест"/>
        </ExportManifestProperty>
        <ExportManifestProperty>
            <EntityAcl>
                <entriesInheriting>true</entriesInheriting>
                <owner>golovachev</owner>
                <ownerType>USER</ownerType>
            </EntityAcl>
        </ExportManifestProperty>
    </ExportManifestEntity>
    <ExportManifestEntity path="ETL/Extract. Перегружаем docs_body по хлебникам c prod в файл.ktr">
        <ExportManifestProperty>
            <EntityMetaData name="Extract. Перегружаем docs_body по хлебникам c prod в файл.ktr" createdDate="2018-08-01T11:42:22.533+03:00" isFolder="false" path="ETL/Extract. Перегружаем docs_body по хлебникам c prod в файл.ktr" isHidden="false" isSchedulable="true" locale="en_US" title="Extract. Перегружаем docs_body по хлебникам c prod в файл"/>
        </ExportManifestProperty>
        <ExportManifestProperty>
            <EntityAcl>
                <entriesInheriting>true</entriesInheriting>
                <owner>golovachev</owner>
                <ownerType>USER</ownerType>
            </EntityAcl>
        </ExportManifestProperty>
    </ExportManifestEntity>
    <ExportManifestEntity path="ETL/Extract. Перегружаем docs_body по хлебникам c prod из файла.ktr">
        <ExportManifestProperty>
            <EntityMetaData name="Extract. Перегружаем docs_body по хлебникам c prod из файла.ktr" createdDate="2018-08-01T13:56:13.502+03:00" isFolder="false" path="ETL/Extract. Перегружаем docs_body по хлебникам c prod из файла.ktr" isHidden="false" isSchedulable="true" locale="en_US" title="Extract. Перегружаем docs_body по хлебникам c prod из файла"/>
        </ExportManifestProperty>
        <ExportManifestProperty>
            <EntityAcl>
                <entriesInheriting>true</entriesInheriting>
                <owner>golovachev</owner>
                <ownerType>USER</ownerType>
            </EntityAcl>
        </ExportManifestProperty>
    </ExportManifestEntity>
    <ExportManifestEntity path="ETL/Extract. Перегружаем docs_body.ktr">
        <ExportManifestProperty>
            <EntityMetaData name="Extract. Перегружаем docs_body.ktr" createdDate="2018-04-05T08:05:28.644+03:00" isFolder="false" path="ETL/Extract. Перегружаем docs_body.ktr" isHidden="false" isSchedulable="true" locale="en_US" title="Extract. Перегружаем docs_body"/>
        </ExportManifestProperty>
        <ExportManifestProperty>
            <EntityAcl>
                <entriesInheriting>true</entriesInheriting>
                <owner>golovachev</owner>
                <ownerType>USER</ownerType>
            </EntityAcl>
        </ExportManifestProperty>
    </ExportManifestEntity>
    <ExportManifestEntity path="ETL/Extract. Экспортируем данные docs из Архива.ktr">
        <ExportManifestProperty>
            <EntityMetaData name="Extract. Экспортируем данные docs из Архива.ktr" createdDate="2018-07-23T12:27:48.855+03:00" isFolder="false" path="ETL/Extract. Экспортируем данные docs из Архива.ktr" isHidden="false" isSchedulable="true" locale="en_US" title="Extract. Экспортируем данные docs из Архива"/>
        </ExportManifestProperty>
        <ExportManifestProperty>
            <EntityAcl>
                <entriesInheriting>true</entriesInheriting>
                <owner>golovachev</owner>
                <ownerType>USER</ownerType>
            </EntityAcl>
        </ExportManifestProperty>
    </ExportManifestEntity>
    <ExportManifestEntity path="ETL/Extract. Экспортируем данные docs по УПД из архива.ktr">
        <ExportManifestProperty>
            <EntityMetaData name="Extract. Экспортируем данные docs по УПД из архива.ktr" createdDate="2018-07-24T10:26:09.212+03:00" isFolder="false" path="ETL/Extract. Экспортируем данные docs по УПД из архива.ktr" isHidden="false" isSchedulable="true" locale="en_US" title="Extract. Экспортируем данные docs по УПД из архива"/>
        </ExportManifestProperty>
        <ExportManifestProperty>
            <EntityAcl>
                <entriesInheriting>true</entriesInheriting>
                <owner>golovachev</owner>
                <ownerType>USER</ownerType>
            </EntityAcl>
        </ExportManifestProperty>
    </ExportManifestEntity>
    <ExportManifestEntity path="ETL/Extract. Экспортируем данные docs по УПД с prod.ktr">
        <ExportManifestProperty>
            <EntityMetaData name="Extract. Экспортируем данные docs по УПД с prod.ktr" createdDate="2018-07-24T10:24:48.288+03:00" isFolder="false" path="ETL/Extract. Экспортируем данные docs по УПД с prod.ktr" isHidden="false" isSchedulable="true" locale="en_US" title="Extract. Экспортируем данные docs по УПД с prod"/>
        </ExportManifestProperty>
        <ExportManifestProperty>
            <EntityAcl>
                <entriesInheriting>true</entriesInheriting>
                <owner>golovachev</owner>
                <ownerType>USER</ownerType>
            </EntityAcl>
        </ExportManifestProperty>
    </ExportManifestEntity>
    <ExportManifestEntity path="ETL/Extract. Экспортируем данные docs по УПД.ktr">
        <ExportManifestProperty>
            <EntityMetaData name="Extract. Экспортируем данные docs по УПД.ktr" createdDate="2018-06-04T10:55:18.976+03:00" isFolder="false" path="ETL/Extract. Экспортируем данные docs по УПД.ktr" isHidden="false" isSchedulable="true" locale="en_US" title="Extract. Экспортируем данные docs по УПД"/>
        </ExportManifestProperty>
        <ExportManifestProperty>
            <EntityAcl>
                <entriesInheriting>true</entriesInheriting>
                <owner>golovachev</owner>
                <ownerType>USER</ownerType>
            </EntityAcl>
        </ExportManifestProperty>
    </ExportManifestEntity>
    <ExportManifestEntity path="ETL/Extract. Экспортируем данные docs с prod.ktr">
        <ExportManifestProperty>
            <EntityMetaData name="Extract. Экспортируем данные docs с prod.ktr" createdDate="2018-07-23T12:22:17.688+03:00" isFolder="false" path="ETL/Extract. Экспортируем данные docs с prod.ktr" isHidden="false" isSchedulable="true" locale="en_US" title="Extract. Экспортируем данные docs с prod"/>
        </ExportManifestProperty>
        <ExportManifestProperty>
            <EntityAcl>
                <entriesInheriting>true</entriesInheriting>
                <owner>golovachev</owner>
                <ownerType>USER</ownerType>
            </EntityAcl>
        </ExportManifestProperty>
    </ExportManifestEntity>
    <ExportManifestEntity path="ETL/Extract. Экспортируем данные docs_body по x5 (По справочнику).ktr">
        <ExportManifestProperty>
            <EntityMetaData name="Extract. Экспортируем данные docs_body по x5 (По справочнику).ktr" createdDate="2018-04-23T22:39:28.825+03:00" isFolder="false" path="ETL/Extract. Экспортируем данные docs_body по x5 (По справочнику).ktr" isHidden="false" isSchedulable="true" locale="en_US" title="Extract. Экспортируем данные docs_body по x5 (По справочнику)"/>
        </ExportManifestProperty>
        <ExportManifestProperty>
            <EntityAcl>
                <entriesInheriting>true</entriesInheriting>
                <owner>golovachev</owner>
                <ownerType>USER</ownerType>
            </EntityAcl>
        </ExportManifestProperty>
    </ExportManifestEntity>
    <ExportManifestEntity path="ETL/Extract. Экспортируем данные docs_body.ktr">
        <ExportManifestProperty>
            <EntityMetaData name="Extract. Экспортируем данные docs_body.ktr" createdDate="2018-08-24T16:15:01.400+03:00" isFolder="false" path="ETL/Extract. Экспортируем данные docs_body.ktr" isHidden="false" isSchedulable="true" locale="en_US" title="Extract. Экспортируем данные docs_body"/>
        </ExportManifestProperty>
        <ExportManifestProperty>
            <EntityAcl>
                <entriesInheriting>true</entriesInheriting>
                <owner>golovachev</owner>
                <ownerType>USER</ownerType>
            </EntityAcl>
        </ExportManifestProperty>
    </ExportManifestEntity>
    <ExportManifestEntity path="ETL/Extract. Экспортируем данные index_supplier.ktr">
        <ExportManifestProperty>
            <EntityMetaData name="Extract. Экспортируем данные index_supplier.ktr" createdDate="2018-05-10T08:31:08.722+03:00" isFolder="false" path="ETL/Extract. Экспортируем данные index_supplier.ktr" isHidden="false" isSchedulable="true" locale="en_US" title="Extract. Экспортируем данные index_supplier"/>
        </ExportManifestProperty>
        <ExportManifestProperty>
            <EntityAcl>
                <entriesInheriting>true</entriesInheriting>
                <owner>golovachev</owner>
                <ownerType>USER</ownerType>
            </EntityAcl>
        </ExportManifestProperty>
    </ExportManifestEntity>
    <ExportManifestEntity path="ETL/Extract. Экспортируем данные index_varbuyer из Архива.ktr">
        <ExportManifestProperty>
            <EntityMetaData name="Extract. Экспортируем данные index_varbuyer из Архива.ktr" createdDate="2018-07-23T10:18:33.313+03:00" isFolder="false" path="ETL/Extract. Экспортируем данные index_varbuyer из Архива.ktr" isHidden="false" isSchedulable="true" locale="en_US" title="Extract. Экспортируем данные index_varbuyer из Архива"/>
        </ExportManifestProperty>
        <ExportManifestProperty>
            <EntityAcl>
                <entriesInheriting>true</entriesInheriting>
                <owner>golovachev</owner>
                <ownerType>USER</ownerType>
            </EntityAcl>
        </ExportManifestProperty>
    </ExportManifestEntity>
    <ExportManifestEntity path="ETL/Extract. Экспортируем данные index_varbuyer с prod.ktr">
        <ExportManifestProperty>
            <EntityMetaData name="Extract. Экспортируем данные index_varbuyer с prod.ktr" createdDate="2018-07-23T10:02:23.727+03:00" isFolder="false" path="ETL/Extract. Экспортируем данные index_varbuyer с prod.ktr" isHidden="false" isSchedulable="true" locale="en_US" title="Extract. Экспортируем данные index_varbuyer с prod"/>
        </ExportManifestProperty>
        <ExportManifestProperty>
            <EntityAcl>
                <entriesInheriting>true</entriesInheriting>
                <owner>golovachev</owner>
                <ownerType>USER</ownerType>
            </EntityAcl>
        </ExportManifestProperty>
    </ExportManifestEntity>
    <ExportManifestEntity path="ETL/Extract. Экспортируем данные index_varbuyer.ktr">
        <ExportManifestProperty>
            <EntityMetaData name="Extract. Экспортируем данные index_varbuyer.ktr" createdDate="2018-04-24T09:12:46.871+03:00" isFolder="false" path="ETL/Extract. Экспортируем данные index_varbuyer.ktr" isHidden="false" isSchedulable="true" locale="en_US" title="Extract. Экспортируем данные index_varbuyer"/>
        </ExportManifestProperty>
        <ExportManifestProperty>
            <EntityAcl>
                <entriesInheriting>true</entriesInheriting>
                <owner>golovachev</owner>
                <ownerType>USER</ownerType>
            </EntityAcl>
        </ExportManifestProperty>
    </ExportManifestEntity>
    <ExportManifestEntity path="ETL/Extract. Экспортируем данные index_varsupplier с prod.ktr">
        <ExportManifestProperty>
            <EntityMetaData name="Extract. Экспортируем данные index_varsupplier с prod.ktr" createdDate="2018-08-01T11:45:01.906+03:00" isFolder="false" path="ETL/Extract. Экспортируем данные index_varsupplier с prod.ktr" isHidden="false" isSchedulable="true" locale="en_US" title="Extract. Экспортируем данные index_varsupplier с prod"/>
        </ExportManifestProperty>
        <ExportManifestProperty>
            <EntityAcl>
                <entriesInheriting>true</entriesInheriting>
                <owner>golovachev</owner>
                <ownerType>USER</ownerType>
            </EntityAcl>
        </ExportManifestProperty>
    </ExportManifestEntity>
    <ExportManifestEntity path="ETL/Extract. Экспортируем данные по x5 (По справочнику).ktr">
        <ExportManifestProperty>
            <EntityMetaData name="Extract. Экспортируем данные по x5 (По справочнику).ktr" createdDate="2018-04-23T22:15:23.387+03:00" isFolder="false" path="ETL/Extract. Экспортируем данные по x5 (По справочнику).ktr" isHidden="false" isSchedulable="true" locale="en_US" title="Extract. Экспортируем данные по x5 (По справочнику)"/>
        </ExportManifestProperty>
        <ExportManifestProperty>
            <EntityAcl>
                <entriesInheriting>true</entriesInheriting>
                <owner>golovachev</owner>
                <ownerType>USER</ownerType>
            </EntityAcl>
        </ExportManifestProperty>
    </ExportManifestEntity>
    <ExportManifestEntity path="ETL/Extract. Экспортируем данные с prod.kjb">
        <ExportManifestProperty>
            <EntityMetaData name="Extract. Экспортируем данные с prod.kjb" createdDate="2018-08-27T08:29:37.005+03:00" isFolder="false" path="ETL/Extract. Экспортируем данные с prod.kjb" isHidden="false" isSchedulable="true" locale="en_US" title="Extract. Экспортируем данные с prod"/>
        </ExportManifestProperty>
        <ExportManifestProperty>
            <EntityAcl>
                <entriesInheriting>true</entriesInheriting>
                <owner>golovachev</owner>
                <ownerType>USER</ownerType>
            </EntityAcl>
        </ExportManifestProperty>
    </ExportManifestEntity>
    <ExportManifestEntity path="ETL/Load. Загрузка bi_orders_dm (цикл).ktr">
        <ExportManifestProperty>
            <EntityMetaData name="Load. Загрузка bi_orders_dm (цикл).ktr" createdDate="2018-03-22T17:51:04.946+03:00" isFolder="false" path="ETL/Load. Загрузка bi_orders_dm (цикл).ktr" isHidden="false" isSchedulable="true" locale="en_US" title="Load. Загрузка bi_orders_dm (цикл)"/>
        </ExportManifestProperty>
        <ExportManifestProperty>
            <EntityAcl>
                <entriesInheriting>true</entriesInheriting>
                <owner>golovachev</owner>
                <ownerType>USER</ownerType>
            </EntityAcl>
        </ExportManifestProperty>
    </ExportManifestEntity>
    <ExportManifestEntity path="ETL/Load. Загрузка витрины bi_orders_dm.kjb">
        <ExportManifestProperty>
            <EntityMetaData name="Load. Загрузка витрины bi_orders_dm.kjb" createdDate="2018-03-22T17:45:15.938+03:00" isFolder="false" path="ETL/Load. Загрузка витрины bi_orders_dm.kjb" isHidden="false" isSchedulable="true" locale="en_US" title="Load. Загрузка витрины bi_orders_dm"/>
        </ExportManifestProperty>
        <ExportManifestProperty>
            <EntityAcl>
                <entriesInheriting>true</entriesInheriting>
                <owner>golovachev</owner>
                <ownerType>USER</ownerType>
            </EntityAcl>
        </ExportManifestProperty>
    </ExportManifestEntity>
    <ExportManifestEntity path="ETL/Load. Получаем переменные для bi_orders_dm.ktr">
        <ExportManifestProperty>
            <EntityMetaData name="Load. Получаем переменные для bi_orders_dm.ktr" createdDate="2018-03-22T17:47:39.610+03:00" isFolder="false" path="ETL/Load. Получаем переменные для bi_orders_dm.ktr" isHidden="false" isSchedulable="true" locale="en_US" title="Load. Получаем переменные для bi_orders_dm"/>
        </ExportManifestProperty>
        <ExportManifestProperty>
            <EntityAcl>
                <entriesInheriting>true</entriesInheriting>
                <owner>golovachev</owner>
                <ownerType>USER</ownerType>
            </EntityAcl>
        </ExportManifestProperty>
    </ExportManifestEntity>
    <ExportManifestEntity path="ETL/Load. Снимаю задание на загрузу bi_orders_dm.ktr">
        <ExportManifestProperty>
            <EntityMetaData name="Load. Снимаю задание на загрузу bi_orders_dm.ktr" createdDate="2018-03-22T17:48:12.583+03:00" isFolder="false" path="ETL/Load. Снимаю задание на загрузу bi_orders_dm.ktr" isHidden="false" isSchedulable="true" locale="en_US" title="Load. Снимаю задание на загрузу bi_orders_dm"/>
        </ExportManifestProperty>
        <ExportManifestProperty>
            <EntityAcl>
                <entriesInheriting>true</entriesInheriting>
                <owner>golovachev</owner>
                <ownerType>USER</ownerType>
            </EntityAcl>
        </ExportManifestProperty>
    </ExportManifestEntity>
    <ExportManifestEntity path="ETL/Stage. Загрузка json документов job.kjb">
        <ExportManifestProperty>
            <EntityMetaData name="Stage. Загрузка json документов job.kjb" createdDate="2018-03-20T17:03:20.578+03:00" isFolder="false" path="ETL/Stage. Загрузка json документов job.kjb" isHidden="false" isSchedulable="true" locale="en_US" title="Stage. Загрузка json документов job"/>
        </ExportManifestProperty>
        <ExportManifestProperty>
            <EntityAcl>
                <entriesInheriting>true</entriesInheriting>
                <owner>golovachev</owner>
                <ownerType>USER</ownerType>
            </EntityAcl>
        </ExportManifestProperty>
    </ExportManifestEntity>
    <ExportManifestEntity path="ETL/Stage. Загрузка аккаунтов.ktr">
        <ExportManifestProperty>
            <EntityMetaData name="Stage. Загрузка аккаунтов.ktr" createdDate="2018-04-04T10:35:02.653+03:00" isFolder="false" path="ETL/Stage. Загрузка аккаунтов.ktr" isHidden="false" isSchedulable="true" locale="en_US" title="Stage. Загрузка аккаунтов"/>
        </ExportManifestProperty>
        <ExportManifestProperty>
            <EntityAcl>
                <entriesInheriting>true</entriesInheriting>
                <owner>golovachev</owner>
                <ownerType>USER</ownerType>
            </EntityAcl>
        </ExportManifestProperty>
    </ExportManifestEntity>
    <ExportManifestEntity path="ETL/Stage. Загрузка координат геоданных.ktr">
        <ExportManifestProperty>
            <EntityMetaData name="Stage. Загрузка координат геоданных.ktr" createdDate="2018-06-08T15:54:28.238+03:00" isFolder="false" path="ETL/Stage. Загрузка координат геоданных.ktr" isHidden="false" isSchedulable="true" locale="en_US" title="Stage. Загрузка координат геоданных"/>
        </ExportManifestProperty>
        <ExportManifestProperty>
            <EntityAcl>
                <entriesInheriting>true</entriesInheriting>
                <owner>golovachev</owner>
                <ownerType>USER</ownerType>
            </EntityAcl>
        </ExportManifestProperty>
    </ExportManifestEntity>
    <ExportManifestEntity path="ETL/Stage. Получаем переменные.ktr">
        <ExportManifestProperty>
            <EntityMetaData name="Stage. Получаем переменные.ktr" createdDate="2018-03-20T14:54:20.970+03:00" isFolder="false" path="ETL/Stage. Получаем переменные.ktr" isHidden="false" isSchedulable="true" locale="en_US" title="Stage. Получаем переменные"/>
        </ExportManifestProperty>
        <ExportManifestProperty>
            <EntityAcl>
                <entriesInheriting>true</entriesInheriting>
                <owner>golovachev</owner>
                <ownerType>USER</ownerType>
            </EntityAcl>
        </ExportManifestProperty>
    </ExportManifestEntity>
    <ExportManifestEntity path="ETL/Stage. Снимаю задание на загрузу json.ktr">
        <ExportManifestProperty>
            <EntityMetaData name="Stage. Снимаю задание на загрузу json.ktr" createdDate="2018-03-20T15:18:23.596+03:00" isFolder="false" path="ETL/Stage. Снимаю задание на загрузу json.ktr" isHidden="false" isSchedulable="true" locale="en_US" title="Stage. Снимаю задание на загрузу json"/>
        </ExportManifestProperty>
        <ExportManifestProperty>
            <EntityAcl>
                <entriesInheriting>true</entriesInheriting>
                <owner>golovachev</owner>
                <ownerType>USER</ownerType>
            </EntityAcl>
        </ExportManifestProperty>
    </ExportManifestEntity>
    <ExportManifestEntity path="ETL/Transform. Извлекаю тексты нужных документов. Список файлов.ktr">
        <ExportManifestProperty>
            <EntityMetaData name="Transform. Извлекаю тексты нужных документов. Список файлов.ktr" createdDate="2018-08-27T14:22:36.044+03:00" isFolder="false" path="ETL/Transform. Извлекаю тексты нужных документов. Список файлов.ktr" isHidden="false" isSchedulable="true" locale="en_US" title="Transform. Извлекаю тексты нужных документов. Список файлов"/>
        </ExportManifestProperty>
        <ExportManifestProperty>
            <EntityAcl>
                <entriesInheriting>true</entriesInheriting>
                <owner>golovachev</owner>
                <ownerType>USER</ownerType>
            </EntityAcl>
        </ExportManifestProperty>
    </ExportManifestEntity>
    <ExportManifestEntity path="ETL/Transform. Извлекаю тексты нужных документов.ktr">
        <ExportManifestProperty>
            <EntityMetaData name="Transform. Извлекаю тексты нужных документов.ktr" createdDate="2018-08-27T09:27:53.314+03:00" isFolder="false" path="ETL/Transform. Извлекаю тексты нужных документов.ktr" isHidden="false" isSchedulable="true" locale="en_US" title="Transform. Извлекаю тексты нужных документов"/>
        </ExportManifestProperty>
        <ExportManifestProperty>
            <EntityAcl>
                <entriesInheriting>true</entriesInheriting>
                <owner>golovachev</owner>
                <ownerType>USER</ownerType>
            </EntityAcl>
        </ExportManifestProperty>
    </ExportManifestEntity>
    <ExportManifestEntity path="ETL/Transform. Парсинг json.ktr">
        <ExportManifestProperty>
            <EntityMetaData name="Transform. Парсинг json.ktr" createdDate="2018-09-04T08:42:32.092+03:00" isFolder="false" path="ETL/Transform. Парсинг json.ktr" isHidden="false" isSchedulable="true" locale="en_US" title="Transform. Парсинг json"/>
        </ExportManifestProperty>
        <ExportManifestProperty>
            <EntityAcl>
                <entriesInheriting>true</entriesInheriting>
                <owner>golovachev</owner>
                <ownerType>USER</ownerType>
            </EntityAcl>
        </ExportManifestProperty>
    </ExportManifestEntity>
    <ExportManifestEntity path="ETL/import from json для x5 (по справочникам).ktr">
        <ExportManifestProperty>
            <EntityMetaData name="import from json для x5 (по справочникам).ktr" createdDate="2018-04-23T20:04:16.734+03:00" isFolder="false" path="ETL/import from json для x5 (по справочникам).ktr" isHidden="false" isSchedulable="true" locale="en_US" description="ETL" title="import from json для x5 (по справочникам)"/>
        </ExportManifestProperty>
        <ExportManifestProperty>
            <EntityAcl>
                <entriesInheriting>true</entriesInheriting>
                <owner>golovachev</owner>
                <ownerType>USER</ownerType>
            </EntityAcl>
        </ExportManifestProperty>
    </ExportManifestEntity>
    <ExportManifestEntity path="ETL/import from json для x5 УПД.ktr">
        <ExportManifestProperty>
            <EntityMetaData name="import from json для x5 УПД.ktr" createdDate="2018-06-18T09:59:51.639+03:00" isFolder="false" path="ETL/import from json для x5 УПД.ktr" isHidden="false" isSchedulable="true" locale="en_US" description="ETL" title="import from json для x5 УПД"/>
        </ExportManifestProperty>
        <ExportManifestProperty>
            <EntityAcl>
                <entriesInheriting>true</entriesInheriting>
                <owner>golovachev</owner>
                <ownerType>USER</ownerType>
            </EntityAcl>
        </ExportManifestProperty>
    </ExportManifestEntity>
    <ExportManifestEntity path="ETL/import from json для x5 по Магнолия УПД.ktr">
        <ExportManifestProperty>
            <EntityMetaData name="import from json для x5 по Магнолия УПД.ktr" createdDate="2018-06-28T10:37:22.471+03:00" isFolder="false" path="ETL/import from json для x5 по Магнолия УПД.ktr" isHidden="false" isSchedulable="true" locale="en_US" description="ETL" title="import from json для x5 по Магнолия УПД"/>
        </ExportManifestProperty>
        <ExportManifestProperty>
            <EntityAcl>
                <entriesInheriting>true</entriesInheriting>
                <owner>golovachev</owner>
                <ownerType>USER</ownerType>
            </EntityAcl>
        </ExportManifestProperty>
    </ExportManifestEntity>
    <ExportManifestEntity path="ETL/import from json для x5 по Магнолия.ktr">
        <ExportManifestProperty>
            <EntityMetaData name="import from json для x5 по Магнолия.ktr" createdDate="2018-06-28T10:22:06.540+03:00" isFolder="false" path="ETL/import from json для x5 по Магнолия.ktr" isHidden="false" isSchedulable="true" locale="en_US" description="ETL" title="import from json для x5 по Магнолия"/>
        </ExportManifestProperty>
        <ExportManifestProperty>
            <EntityAcl>
                <entriesInheriting>true</entriesInheriting>
                <owner>golovachev</owner>
                <ownerType>USER</ownerType>
            </EntityAcl>
        </ExportManifestProperty>
    </ExportManifestEntity>
    <ExportManifestEntity path="ETL/import from json для x5 по молвест УПД.ktr">
        <ExportManifestProperty>
            <EntityMetaData name="import from json для x5 по молвест УПД.ktr" createdDate="2018-06-04T11:33:55.470+03:00" isFolder="false" path="ETL/import from json для x5 по молвест УПД.ktr" isHidden="false" isSchedulable="true" locale="en_US" description="ETL" title="import from json для x5 по молвест УПД"/>
        </ExportManifestProperty>
        <ExportManifestProperty>
            <EntityAcl>
                <entriesInheriting>true</entriesInheriting>
                <owner>golovachev</owner>
                <ownerType>USER</ownerType>
            </EntityAcl>
        </ExportManifestProperty>
    </ExportManifestEntity>
    <ExportManifestEntity path="ETL/import from json для x5 по молвест.ktr">
        <ExportManifestProperty>
            <EntityMetaData name="import from json для x5 по молвест.ktr" createdDate="2018-05-10T17:43:31.897+03:00" isFolder="false" path="ETL/import from json для x5 по молвест.ktr" isHidden="false" isSchedulable="true" locale="en_US" description="ETL" title="import from json для x5 по молвест"/>
        </ExportManifestProperty>
        <ExportManifestProperty>
            <EntityAcl>
                <entriesInheriting>true</entriesInheriting>
                <owner>golovachev</owner>
                <ownerType>USER</ownerType>
            </EntityAcl>
        </ExportManifestProperty>
    </ExportManifestEntity>
    <ExportManifestEntity path="ETL/import from json для x5 по хлебникам.ktr">
        <ExportManifestProperty>
            <EntityMetaData name="import from json для x5 по хлебникам.ktr" createdDate="2018-08-02T10:29:47.667+03:00" isFolder="false" path="ETL/import from json для x5 по хлебникам.ktr" isHidden="false" isSchedulable="true" locale="en_US" description="ETL" title="import from json для x5 по хлебникам"/>
        </ExportManifestProperty>
        <ExportManifestProperty>
            <EntityAcl>
                <entriesInheriting>true</entriesInheriting>
                <owner>golovachev</owner>
                <ownerType>USER</ownerType>
            </EntityAcl>
        </ExportManifestProperty>
    </ExportManifestEntity>
    <ExportManifestEntity path="ETL/import from json для x5.ktr">
        <ExportManifestProperty>
            <EntityMetaData name="import from json для x5.ktr" createdDate="2018-04-18T08:21:02.687+03:00" isFolder="false" path="ETL/import from json для x5.ktr" isHidden="false" isSchedulable="true" locale="en_US" description="ETL" title="import from json для x5"/>
        </ExportManifestProperty>
        <ExportManifestProperty>
            <EntityAcl>
                <entriesInheriting>true</entriesInheriting>
                <owner>golovachev</owner>
                <ownerType>USER</ownerType>
            </EntityAcl>
        </ExportManifestProperty>
    </ExportManifestEntity>
    <ExportManifestEntity path="ETL/import from json.ktr">
        <ExportManifestProperty>
            <EntityMetaData name="import from json.ktr" createdDate="2018-03-05T12:15:14.803+03:00" isFolder="false" path="ETL/import from json.ktr" isHidden="false" isSchedulable="true" locale="en_US" description="ETL" title="import from json"/>
        </ExportManifestProperty>
        <ExportManifestProperty>
            <EntityAcl>
                <entriesInheriting>true</entriesInheriting>
                <owner>golovachev</owner>
                <ownerType>USER</ownerType>
            </EntityAcl>
        </ExportManifestProperty>
    </ExportManifestEntity>
    <ExportManifestEntity path="ETL/mapping data clearing.ktr">
        <ExportManifestProperty>
            <EntityMetaData name="mapping data clearing.ktr" createdDate="2018-06-04T12:41:58.930+03:00" isFolder="false" path="ETL/mapping data clearing.ktr" isHidden="false" isSchedulable="true" locale="en_US" title="mapping data clearing"/>
        </ExportManifestProperty>
        <ExportManifestProperty>
            <EntityAcl>
                <entriesInheriting>true</entriesInheriting>
                <owner>golovachev</owner>
                <ownerType>USER</ownerType>
            </EntityAcl>
        </ExportManifestProperty>
    </ExportManifestEntity>
    <ExportManifestEntity path="ETL/mapping date format transformation.ktr">
        <ExportManifestProperty>
            <EntityMetaData name="mapping date format transformation.ktr" createdDate="2018-03-05T12:16:09.225+03:00" isFolder="false" path="ETL/mapping date format transformation.ktr" isHidden="false" isSchedulable="true" locale="en_US" title="mapping date format transformation"/>
        </ExportManifestProperty>
        <ExportManifestProperty>
            <EntityAcl>
                <entriesInheriting>true</entriesInheriting>
                <owner>golovachev</owner>
                <ownerType>USER</ownerType>
            </EntityAcl>
        </ExportManifestProperty>
    </ExportManifestEntity>
    <ExportManifestEntity path="ETL/mapping string number cleaning.ktr">
        <ExportManifestProperty>
            <EntityMetaData name="mapping string number cleaning.ktr" createdDate="2018-03-05T12:16:31.338+03:00" isFolder="false" path="ETL/mapping string number cleaning.ktr" isHidden="false" isSchedulable="true" locale="en_US" title="mapping string number cleaning"/>
        </ExportManifestProperty>
        <ExportManifestProperty>
            <EntityAcl>
                <entriesInheriting>true</entriesInheriting>
                <owner>golovachev</owner>
                <ownerType>USER</ownerType>
            </EntityAcl>
        </ExportManifestProperty>
    </ExportManifestEntity>
    <ExportManifestEntity path="ETL/test">
        <ExportManifestProperty>
            <EntityMetaData name="test" createdDate="2018-03-20T10:57:43.913+03:00" isFolder="true" path="ETL/test" isHidden="false" isSchedulable="true" locale="en_US" title="test"/>
        </ExportManifestProperty>
        <ExportManifestProperty>
            <EntityAcl>
                <entriesInheriting>true</entriesInheriting>
                <owner>golovachev</owner>
                <ownerType>USER</ownerType>
            </EntityAcl>
        </ExportManifestProperty>
    </ExportManifestEntity>
    <ExportManifestEntity path="ETL/test/clickhouse rest input.ktr">
        <ExportManifestProperty>
            <EntityMetaData name="clickhouse rest input.ktr" createdDate="2018-08-16T17:19:47.742+03:00" isFolder="false" path="ETL/test/clickhouse rest input.ktr" isHidden="false" isSchedulable="true" locale="en_US" title="clickhouse rest input"/>
        </ExportManifestProperty>
        <ExportManifestProperty>
            <EntityAcl>
                <entriesInheriting>true</entriesInheriting>
                <owner>golovachev</owner>
                <ownerType>USER</ownerType>
            </EntityAcl>
        </ExportManifestProperty>
    </ExportManifestEntity>
    <ExportManifestEntity path="ETL/test/del_me Разовый рассчет агрегатов по цепочкам документов.kjb">
        <ExportManifestProperty>
            <EntityMetaData name="del_me Разовый рассчет агрегатов по цепочкам документов.kjb" createdDate="2018-04-10T17:11:35.552+03:00" isFolder="false" path="ETL/test/del_me Разовый рассчет агрегатов по цепочкам документов.kjb" isHidden="false" isSchedulable="true" locale="en_US" title="del_me Разовый рассчет агрегатов по цепочкам документов"/>
        </ExportManifestProperty>
        <ExportManifestProperty>
            <EntityAcl>
                <entriesInheriting>true</entriesInheriting>
                <owner>golovachev</owner>
                <ownerType>USER</ownerType>
            </EntityAcl>
        </ExportManifestProperty>
    </ExportManifestEntity>
    <ExportManifestEntity path="ETL/test/del_me размер документов XML.ktr">
        <ExportManifestProperty>
            <EntityMetaData name="del_me размер документов XML.ktr" createdDate="2018-07-26T10:35:24.811+03:00" isFolder="false" path="ETL/test/del_me размер документов XML.ktr" isHidden="false" isSchedulable="true" locale="en_US" title="del_me размер документов XML"/>
        </ExportManifestProperty>
        <ExportManifestProperty>
            <EntityAcl>
                <entriesInheriting>true</entriesInheriting>
                <owner>golovachev</owner>
                <ownerType>USER</ownerType>
            </EntityAcl>
        </ExportManifestProperty>
    </ExportManifestEntity>
    <ExportManifestEntity path="ETL/test/del_me разовая перегрузка json Для х5.kjb">
        <ExportManifestProperty>
            <EntityMetaData name="del_me разовая перегрузка json Для х5.kjb" createdDate="2018-04-24T10:15:28.763+03:00" isFolder="false" path="ETL/test/del_me разовая перегрузка json Для х5.kjb" isHidden="false" isSchedulable="true" locale="en_US" title="del_me разовая перегрузка json Для х5"/>
        </ExportManifestProperty>
        <ExportManifestProperty>
            <EntityAcl>
                <entriesInheriting>true</entriesInheriting>
                <owner>golovachev</owner>
                <ownerType>USER</ownerType>
            </EntityAcl>
        </ExportManifestProperty>
    </ExportManifestEntity>
    <ExportManifestEntity path="ETL/test/del_me_gln_prod_test.ktr">
        <ExportManifestProperty>
            <EntityMetaData name="del_me_gln_prod_test.ktr" createdDate="2018-07-23T15:23:31.913+03:00" isFolder="false" path="ETL/test/del_me_gln_prod_test.ktr" isHidden="false" isSchedulable="true" locale="en_US" title="del_me_gln_prod_test"/>
        </ExportManifestProperty>
        <ExportManifestProperty>
            <EntityAcl>
                <entriesInheriting>true</entriesInheriting>
                <owner>golovachev</owner>
                <ownerType>USER</ownerType>
            </EntityAcl>
        </ExportManifestProperty>
    </ExportManifestEntity>
    <ExportManifestEntity path="ETL/test/del_me_rows_cnt.ktr">
        <ExportManifestProperty>
            <EntityMetaData name="del_me_rows_cnt.ktr" createdDate="2018-08-27T14:15:05.495+03:00" isFolder="false" path="ETL/test/del_me_rows_cnt.ktr" isHidden="false" isSchedulable="true" locale="en_US" title="del_me_rows_cnt"/>
        </ExportManifestProperty>
        <ExportManifestProperty>
            <EntityAcl>
                <entriesInheriting>true</entriesInheriting>
                <owner>golovachev</owner>
                <ownerType>USER</ownerType>
            </EntityAcl>
        </ExportManifestProperty>
    </ExportManifestEntity>
    <ExportManifestEntity path="ETL/test/docs export.ktr">
        <ExportManifestProperty>
            <EntityMetaData name="docs export.ktr" createdDate="2018-08-16T11:51:43.959+03:00" isFolder="false" path="ETL/test/docs export.ktr" isHidden="false" isSchedulable="true" locale="en_US" title="docs export"/>
        </ExportManifestProperty>
        <ExportManifestProperty>
            <EntityAcl>
                <entriesInheriting>true</entriesInheriting>
                <owner>golovachev</owner>
                <ownerType>USER</ownerType>
            </EntityAcl>
        </ExportManifestProperty>
    </ExportManifestEntity>
    <ExportManifestEntity path="ETL/test/docs load.ktr">
        <ExportManifestProperty>
            <EntityMetaData name="docs load.ktr" createdDate="2018-08-16T15:34:41.111+03:00" isFolder="false" path="ETL/test/docs load.ktr" isHidden="false" isSchedulable="true" locale="en_US" title="docs load"/>
        </ExportManifestProperty>
        <ExportManifestProperty>
            <EntityAcl>
                <entriesInheriting>true</entriesInheriting>
                <owner>golovachev</owner>
                <ownerType>USER</ownerType>
            </EntityAcl>
        </ExportManifestProperty>
    </ExportManifestEntity>
    <ExportManifestEntity path="ETL/test/import from json x5.ktr">
        <ExportManifestProperty>
            <EntityMetaData name="import from json x5.ktr" createdDate="2018-04-27T12:05:05.372+03:00" isFolder="false" path="ETL/test/import from json x5.ktr" isHidden="false" isSchedulable="true" locale="en_US" description="ETL" title="import from json x5"/>
        </ExportManifestProperty>
        <ExportManifestProperty>
            <EntityAcl>
                <entriesInheriting>true</entriesInheriting>
                <owner>golovachev</owner>
                <ownerType>USER</ownerType>
            </EntityAcl>
        </ExportManifestProperty>
    </ExportManifestEntity>
    <ExportManifestEntity path="ETL/test/mapping data clearing.ktr">
        <ExportManifestProperty>
            <EntityMetaData name="mapping data clearing.ktr" createdDate="2018-05-31T12:30:41.698+03:00" isFolder="false" path="ETL/test/mapping data clearing.ktr" isHidden="false" isSchedulable="true" locale="en_US" title="mapping data clearing"/>
        </ExportManifestProperty>
        <ExportManifestProperty>
            <EntityAcl>
                <entriesInheriting>true</entriesInheriting>
                <owner>golovachev</owner>
                <ownerType>USER</ownerType>
            </EntityAcl>
        </ExportManifestProperty>
    </ExportManifestEntity>
    <ExportManifestEntity path="ETL/test/mapping date format transformation.ktr">
        <ExportManifestProperty>
            <EntityMetaData name="mapping date format transformation.ktr" createdDate="2018-05-31T11:01:27.690+03:00" isFolder="false" path="ETL/test/mapping date format transformation.ktr" isHidden="false" isSchedulable="true" locale="en_US" title="mapping date format transformation"/>
        </ExportManifestProperty>
        <ExportManifestProperty>
            <EntityAcl>
                <entriesInheriting>true</entriesInheriting>
                <owner>golovachev</owner>
                <ownerType>USER</ownerType>
            </EntityAcl>
        </ExportManifestProperty>
    </ExportManifestEntity>
    <ExportManifestEntity path="ETL/test/mapping string number cleaning.ktr">
        <ExportManifestProperty>
            <EntityMetaData name="mapping string number cleaning.ktr" createdDate="2018-05-31T11:01:37.444+03:00" isFolder="false" path="ETL/test/mapping string number cleaning.ktr" isHidden="false" isSchedulable="true" locale="en_US" title="mapping string number cleaning"/>
        </ExportManifestProperty>
        <ExportManifestProperty>
            <EntityAcl>
                <entriesInheriting>true</entriesInheriting>
                <owner>golovachev</owner>
                <ownerType>USER</ownerType>
            </EntityAcl>
        </ExportManifestProperty>
    </ExportManifestEntity>
    <ExportManifestEntity path="ETL/test/partin_check.ktr">
        <ExportManifestProperty>
            <EntityMetaData name="partin_check.ktr" createdDate="2018-09-05T14:34:19.492+03:00" isFolder="false" path="ETL/test/partin_check.ktr" isHidden="false" isSchedulable="true" locale="en_US" title="partin_check"/>
        </ExportManifestProperty>
        <ExportManifestProperty>
            <EntityAcl>
                <entriesInheriting>true</entriesInheriting>
                <owner>golovachev</owner>
                <ownerType>USER</ownerType>
            </EntityAcl>
        </ExportManifestProperty>
    </ExportManifestEntity>
    <ExportManifestEntity path="ETL/test/partin_dump.ktr">
        <ExportManifestProperty>
            <EntityMetaData name="partin_dump.ktr" createdDate="2018-09-05T14:16:01.132+03:00" isFolder="false" path="ETL/test/partin_dump.ktr" isHidden="false" isSchedulable="true" locale="en_US" title="partin_dump"/>
        </ExportManifestProperty>
        <ExportManifestProperty>
            <EntityAcl>
                <entriesInheriting>true</entriesInheriting>
                <owner>golovachev</owner>
                <ownerType>USER</ownerType>
            </EntityAcl>
        </ExportManifestProperty>
    </ExportManifestEntity>
    <ExportManifestEntity path="ETL/test/regex_finder.ktr">
        <ExportManifestProperty>
            <EntityMetaData name="regex_finder.ktr" createdDate="2018-09-06T15:11:49.991+03:00" isFolder="false" path="ETL/test/regex_finder.ktr" isHidden="false" isSchedulable="true" locale="en_US" title="regex_finder"/>
        </ExportManifestProperty>
        <ExportManifestProperty>
            <EntityAcl>
                <entriesInheriting>true</entriesInheriting>
                <owner>golovachev</owner>
                <ownerType>USER</ownerType>
            </EntityAcl>
        </ExportManifestProperty>
    </ExportManifestEntity>
    <ExportManifestEntity path="ETL/test/test json parce.ktr">
        <ExportManifestProperty>
            <EntityMetaData name="test json parce.ktr" createdDate="2018-05-14T16:00:17.631+03:00" isFolder="false" path="ETL/test/test json parce.ktr" isHidden="false" isSchedulable="true" locale="en_US" title="test json parce"/>
        </ExportManifestProperty>
        <ExportManifestProperty>
            <EntityAcl>
                <entriesInheriting>true</entriesInheriting>
                <owner>golovachev</owner>
                <ownerType>USER</ownerType>
            </EntityAcl>
        </ExportManifestProperty>
    </ExportManifestEntity>
    <ExportManifestEntity path="ETL/test/test metadata injection.ktr">
        <ExportManifestProperty>
            <EntityMetaData name="test metadata injection.ktr" createdDate="2018-05-31T10:55:10.766+03:00" isFolder="false" path="ETL/test/test metadata injection.ktr" isHidden="false" isSchedulable="true" locale="en_US" description="ETL" title="test metadata injection"/>
        </ExportManifestProperty>
        <ExportManifestProperty>
            <EntityAcl>
                <entriesInheriting>true</entriesInheriting>
                <owner>golovachev</owner>
                <ownerType>USER</ownerType>
            </EntityAcl>
        </ExportManifestProperty>
    </ExportManifestEntity>
    <ExportManifestEntity path="ETL/test/test mysql extraction.ktr">
        <ExportManifestProperty>
            <EntityMetaData name="test mysql extraction.ktr" createdDate="2018-04-04T15:20:35.531+03:00" isFolder="false" path="ETL/test/test mysql extraction.ktr" isHidden="false" isSchedulable="true" locale="en_US" title="test mysql extraction"/>
        </ExportManifestProperty>
        <ExportManifestProperty>
            <EntityAcl>
                <entriesInheriting>true</entriesInheriting>
                <owner>golovachev</owner>
                <ownerType>USER</ownerType>
            </EntityAcl>
        </ExportManifestProperty>
    </ExportManifestEntity>
    <ExportManifestEntity path="ETL/test/test mysql not null.ktr">
        <ExportManifestProperty>
            <EntityMetaData name="test mysql not null.ktr" createdDate="2018-04-04T11:13:10.931+03:00" isFolder="false" path="ETL/test/test mysql not null.ktr" isHidden="false" isSchedulable="true" locale="en_US" title="test mysql not null"/>
        </ExportManifestProperty>
        <ExportManifestProperty>
            <EntityAcl>
                <entriesInheriting>true</entriesInheriting>
                <owner>golovachev</owner>
                <ownerType>USER</ownerType>
            </EntityAcl>
        </ExportManifestProperty>
    </ExportManifestEntity>
    <ExportManifestEntity path="ETL/test/test not null chk.ktr">
        <ExportManifestProperty>
            <EntityMetaData name="test not null chk.ktr" createdDate="2018-04-19T17:44:30.106+03:00" isFolder="false" path="ETL/test/test not null chk.ktr" isHidden="false" isSchedulable="true" locale="en_US" title="test not null chk"/>
        </ExportManifestProperty>
        <ExportManifestProperty>
            <EntityAcl>
                <entriesInheriting>true</entriesInheriting>
                <owner>golovachev</owner>
                <ownerType>USER</ownerType>
            </EntityAcl>
        </ExportManifestProperty>
    </ExportManifestEntity>
    <ExportManifestEntity path="ETL/test/test row normalier.ktr">
        <ExportManifestProperty>
            <EntityMetaData name="test row normalier.ktr" createdDate="2018-04-04T13:07:07.093+03:00" isFolder="false" path="ETL/test/test row normalier.ktr" isHidden="false" isSchedulable="true" locale="en_US" title="test row normalier"/>
        </ExportManifestProperty>
        <ExportManifestProperty>
            <EntityAcl>
                <entriesInheriting>true</entriesInheriting>
                <owner>golovachev</owner>
                <ownerType>USER</ownerType>
            </EntityAcl>
        </ExportManifestProperty>
    </ExportManifestEntity>
    <ExportManifestEntity path="ETL/test/test нечеткий поиск справочник товаров.ktr">
        <ExportManifestProperty>
            <EntityMetaData name="test нечеткий поиск справочник товаров.ktr" createdDate="2018-05-17T15:47:30.396+03:00" isFolder="false" path="ETL/test/test нечеткий поиск справочник товаров.ktr" isHidden="false" isSchedulable="true" locale="en_US" title="test нечеткий поиск справочник товаров"/>
        </ExportManifestProperty>
        <ExportManifestProperty>
            <EntityAcl>
                <entriesInheriting>true</entriesInheriting>
                <owner>golovachev</owner>
                <ownerType>USER</ownerType>
            </EntityAcl>
        </ExportManifestProperty>
    </ExportManifestEntity>
    <ExportManifestEntity path="ETL/test/test_data_transform.ktr">
        <ExportManifestProperty>
            <EntityMetaData name="test_data_transform.ktr" createdDate="2018-04-11T10:59:57.509+03:00" isFolder="false" path="ETL/test/test_data_transform.ktr" isHidden="false" isSchedulable="true" locale="en_US" title="test_data_transform"/>
        </ExportManifestProperty>
        <ExportManifestProperty>
            <EntityAcl>
                <entriesInheriting>true</entriesInheriting>
                <owner>golovachev</owner>
                <ownerType>USER</ownerType>
            </EntityAcl>
        </ExportManifestProperty>
    </ExportManifestEntity>
    <ExportManifestEntity path="ETL/test/test_desadv.ktr">
        <ExportManifestProperty>
            <EntityMetaData name="test_desadv.ktr" createdDate="2018-04-18T11:52:31.275+03:00" isFolder="false" path="ETL/test/test_desadv.ktr" isHidden="false" isSchedulable="true" locale="en_US" title="test_desadv"/>
        </ExportManifestProperty>
        <ExportManifestProperty>
            <EntityAcl>
                <entriesInheriting>true</entriesInheriting>
                <owner>golovachev</owner>
                <ownerType>USER</ownerType>
            </EntityAcl>
        </ExportManifestProperty>
    </ExportManifestEntity>
    <ExportManifestEntity path="ETL/test/test_maping_number_cleaning.ktr">
        <ExportManifestProperty>
            <EntityMetaData name="test_maping_number_cleaning.ktr" createdDate="2018-05-10T11:46:36.495+03:00" isFolder="false" path="ETL/test/test_maping_number_cleaning.ktr" isHidden="false" isSchedulable="true" locale="en_US" title="test_maping_number_cleaning"/>
        </ExportManifestProperty>
        <ExportManifestProperty>
            <EntityAcl>
                <entriesInheriting>true</entriesInheriting>
                <owner>golovachev</owner>
                <ownerType>USER</ownerType>
            </EntityAcl>
        </ExportManifestProperty>
    </ExportManifestEntity>
    <ExportManifestEntity path="ETL/test/test_ram_size.ktr">
        <ExportManifestProperty>
            <EntityMetaData name="test_ram_size.ktr" createdDate="2018-04-19T11:57:14.538+03:00" isFolder="false" path="ETL/test/test_ram_size.ktr" isHidden="false" isSchedulable="true" locale="en_US" title="test_ram_size"/>
        </ExportManifestProperty>
        <ExportManifestProperty>
            <EntityAcl>
                <entriesInheriting>true</entriesInheriting>
                <owner>golovachev</owner>
                <ownerType>USER</ownerType>
            </EntityAcl>
        </ExportManifestProperty>
    </ExportManifestEntity>
    <ExportManifestEntity path="ETL/test/test_trans2.ktr">
        <ExportManifestProperty>
            <EntityMetaData name="test_trans2.ktr" createdDate="2018-03-20T10:57:47.531+03:00" isFolder="false" path="ETL/test/test_trans2.ktr" isHidden="false" isSchedulable="true" locale="en_US" title="test_trans2"/>
        </ExportManifestProperty>
        <ExportManifestProperty>
            <EntityAcl>
                <entriesInheriting>true</entriesInheriting>
                <owner>golovachev</owner>
                <ownerType>USER</ownerType>
            </EntityAcl>
        </ExportManifestProperty>
    </ExportManifestEntity>
    <ExportManifestEntity path="ETL/test/test_trans_job.kjb">
        <ExportManifestProperty>
            <EntityMetaData name="test_trans_job.kjb" createdDate="2018-03-20T11:01:58.726+03:00" isFolder="false" path="ETL/test/test_trans_job.kjb" isHidden="false" isSchedulable="true" locale="en_US" title="test_trans_job"/>
        </ExportManifestProperty>
        <ExportManifestProperty>
            <EntityAcl>
                <entriesInheriting>true</entriesInheriting>
                <owner>golovachev</owner>
                <ownerType>USER</ownerType>
            </EntityAcl>
        </ExportManifestProperty>
    </ExportManifestEntity>
    <ExportManifestEntity path="ETL/test/test_trans_job1.ktr">
        <ExportManifestProperty>
            <EntityMetaData name="test_trans_job1.ktr" createdDate="2018-03-20T11:00:08.866+03:00" isFolder="false" path="ETL/test/test_trans_job1.ktr" isHidden="false" isSchedulable="true" locale="en_US" title="test_trans_job1"/>
        </ExportManifestProperty>
        <ExportManifestProperty>
            <EntityAcl>
                <entriesInheriting>true</entriesInheriting>
                <owner>golovachev</owner>
                <ownerType>USER</ownerType>
            </EntityAcl>
        </ExportManifestProperty>
    </ExportManifestEntity>
    <ExportManifestEntity path="ETL/test/test_загрузка позиций по документам.ktr">
        <ExportManifestProperty>
            <EntityMetaData name="test_загрузка позиций по документам.ktr" createdDate="2018-04-02T16:16:50.606+03:00" isFolder="false" path="ETL/test/test_загрузка позиций по документам.ktr" isHidden="false" isSchedulable="true" locale="en_US" title="test_загрузка позиций по документам"/>
        </ExportManifestProperty>
        <ExportManifestProperty>
            <EntityAcl>
                <entriesInheriting>true</entriesInheriting>
                <owner>golovachev</owner>
                <ownerType>USER</ownerType>
            </EntityAcl>
        </ExportManifestProperty>
    </ExportManifestEntity>
    <ExportManifestEntity path="ETL/test/Загрузка stage, инцициализируем переменные.ktr">
        <ExportManifestProperty>
            <EntityMetaData name="Загрузка stage, инцициализируем переменные.ktr" createdDate="2018-03-19T11:09:07.401+03:00" isFolder="false" path="ETL/test/Загрузка stage, инцициализируем переменные.ktr" isHidden="false" isSchedulable="true" locale="en_US" title="Загрузка stage, инцициализируем переменные"/>
        </ExportManifestProperty>
        <ExportManifestProperty>
            <EntityAcl>
                <entriesInheriting>true</entriesInheriting>
                <owner>golovachev</owner>
                <ownerType>USER</ownerType>
            </EntityAcl>
        </ExportManifestProperty>
    </ExportManifestEntity>
    <ExportManifestEntity path="ETL/test/Загрузка документов в stage (все документы).ktr">
        <ExportManifestProperty>
            <EntityMetaData name="Загрузка документов в stage (все документы).ktr" createdDate="2018-03-19T15:01:56.794+03:00" isFolder="false" path="ETL/test/Загрузка документов в stage (все документы).ktr" isHidden="false" isSchedulable="true" locale="en_US" title="Загрузка документов в stage (все документы)"/>
        </ExportManifestProperty>
        <ExportManifestProperty>
            <EntityAcl>
                <entriesInheriting>true</entriesInheriting>
                <owner>golovachev</owner>
                <ownerType>USER</ownerType>
            </EntityAcl>
        </ExportManifestProperty>
    </ExportManifestEntity>
    <ExportManifestEntity path="ETL/test/Загрузка документов в stage job.kjb">
        <ExportManifestProperty>
            <EntityMetaData name="Загрузка документов в stage job.kjb" createdDate="2018-03-16T17:45:20.268+03:00" isFolder="false" path="ETL/test/Загрузка документов в stage job.kjb" isHidden="false" isSchedulable="true" locale="en_US" title="Загрузка документов в stage job"/>
        </ExportManifestProperty>
        <ExportManifestProperty>
            <EntityAcl>
                <entriesInheriting>true</entriesInheriting>
                <owner>golovachev</owner>
                <ownerType>USER</ownerType>
            </EntityAcl>
        </ExportManifestProperty>
    </ExportManifestEntity>
    <ExportManifestEntity path="ETL/test/Разовый парсинг json order для x5.ktr">
        <ExportManifestProperty>
            <EntityMetaData name="Разовый парсинг json order для x5.ktr" createdDate="2018-04-27T14:31:52.759+03:00" isFolder="false" path="ETL/test/Разовый парсинг json order для x5.ktr" isHidden="false" isSchedulable="true" locale="en_US" description="ETL" title="Разовый парсинг json order для x5"/>
        </ExportManifestProperty>
        <ExportManifestProperty>
            <EntityAcl>
                <entriesInheriting>true</entriesInheriting>
                <owner>golovachev</owner>
                <ownerType>USER</ownerType>
            </EntityAcl>
        </ExportManifestProperty>
    </ExportManifestEntity>
    <ExportManifestEntity path="ETL/test/Разовый парсинг json order для молвест.ktr">
        <ExportManifestProperty>
            <EntityMetaData name="Разовый парсинг json order для молвест.ktr" createdDate="2018-05-11T14:37:36.643+03:00" isFolder="false" path="ETL/test/Разовый парсинг json order для молвест.ktr" isHidden="false" isSchedulable="true" locale="en_US" description="ETL" title="Разовый парсинг json order для молвест"/>
        </ExportManifestProperty>
        <ExportManifestProperty>
            <EntityAcl>
                <entriesInheriting>true</entriesInheriting>
                <owner>golovachev</owner>
                <ownerType>USER</ownerType>
            </EntityAcl>
        </ExportManifestProperty>
    </ExportManifestEntity>
    <ExportManifestEntity path="ETL/test/Разовый парсинг json upd для x5.ktr">
        <ExportManifestProperty>
            <EntityMetaData name="Разовый парсинг json upd для x5.ktr" createdDate="2018-06-21T12:24:23.129+03:00" isFolder="false" path="ETL/test/Разовый парсинг json upd для x5.ktr" isHidden="false" isSchedulable="true" locale="en_US" title="Разовый парсинг json upd для x5"/>
        </ExportManifestProperty>
        <ExportManifestProperty>
            <EntityAcl>
                <entriesInheriting>true</entriesInheriting>
                <owner>golovachev</owner>
                <ownerType>USER</ownerType>
            </EntityAcl>
        </ExportManifestProperty>
    </ExportManifestEntity>
    <ExportManifestEntity path="ETL/Загрузка gln. Загрузка геоданных.ktr">
        <ExportManifestProperty>
            <EntityMetaData name="Загрузка gln. Загрузка геоданных.ktr" createdDate="2018-06-09T10:13:30.583+03:00" isFolder="false" path="ETL/Загрузка gln. Загрузка геоданных.ktr" isHidden="false" isSchedulable="true" locale="en_US" title="Загрузка gln. Загрузка геоданных"/>
        </ExportManifestProperty>
        <ExportManifestProperty>
            <EntityAcl>
                <entriesInheriting>true</entriesInheriting>
                <owner>golovachev</owner>
                <ownerType>USER</ownerType>
            </EntityAcl>
        </ExportManifestProperty>
    </ExportManifestEntity>
    <ExportManifestEntity path="ETL/Загрузка gln.ktr">
        <ExportManifestProperty>
            <EntityMetaData name="Загрузка gln.ktr" createdDate="2018-03-05T12:35:31.097+03:00" isFolder="false" path="ETL/Загрузка gln.ktr" isHidden="false" isSchedulable="true" locale="en_US" title="Загрузка gln"/>
        </ExportManifestProperty>
        <ExportManifestProperty>
            <EntityAcl>
                <entriesInheriting>true</entriesInheriting>
                <owner>golovachev</owner>
                <ownerType>USER</ownerType>
            </EntityAcl>
        </ExportManifestProperty>
    </ExportManifestEntity>
    <ExportManifestEntity path="ETL/Загрузка gln2sos.ktr">
        <ExportManifestProperty>
            <EntityMetaData name="Загрузка gln2sos.ktr" createdDate="2018-06-06T11:05:30.249+03:00" isFolder="false" path="ETL/Загрузка gln2sos.ktr" isHidden="false" isSchedulable="true" locale="en_US" title="Загрузка gln2sos"/>
        </ExportManifestProperty>
        <ExportManifestProperty>
            <EntityAcl>
                <entriesInheriting>true</entriesInheriting>
                <owner>golovachev</owner>
                <ownerType>USER</ownerType>
            </EntityAcl>
        </ExportManifestProperty>
    </ExportManifestEntity>
    <ExportManifestEntity path="ETL/Загрузка данных из документов в ХД для x5 (по справочникам).kjb">
        <ExportManifestProperty>
            <EntityMetaData name="Загрузка данных из документов в ХД для x5 (по справочникам).kjb" createdDate="2018-04-23T20:12:23.192+03:00" isFolder="false" path="ETL/Загрузка данных из документов в ХД для x5 (по справочникам).kjb" isHidden="false" isSchedulable="true" locale="en_US" title="Загрузка данных из документов в ХД для x5 (по справочникам)"/>
        </ExportManifestProperty>
        <ExportManifestProperty>
            <EntityAcl>
                <entriesInheriting>true</entriesInheriting>
                <owner>golovachev</owner>
                <ownerType>USER</ownerType>
            </EntityAcl>
        </ExportManifestProperty>
    </ExportManifestEntity>
    <ExportManifestEntity path="ETL/Загрузка данных из документов в ХД для x5.kjb">
        <ExportManifestProperty>
            <EntityMetaData name="Загрузка данных из документов в ХД для x5.kjb" createdDate="2018-04-19T16:52:09.120+03:00" isFolder="false" path="ETL/Загрузка данных из документов в ХД для x5.kjb" isHidden="false" isSchedulable="true" locale="en_US" title="Загрузка данных из документов в ХД для x5"/>
        </ExportManifestProperty>
        <ExportManifestProperty>
            <EntityAcl>
                <entriesInheriting>true</entriesInheriting>
                <owner>golovachev</owner>
                <ownerType>USER</ownerType>
            </EntityAcl>
        </ExportManifestProperty>
    </ExportManifestEntity>
    <ExportManifestEntity path="ETL/Загрузка данных из документов в ХД.kjb">
        <ExportManifestProperty>
            <EntityMetaData name="Загрузка данных из документов в ХД.kjb" createdDate="2018-03-20T17:17:05.257+03:00" isFolder="false" path="ETL/Загрузка данных из документов в ХД.kjb" isHidden="false" isSchedulable="true" locale="en_US" title="Загрузка данных из документов в ХД"/>
        </ExportManifestProperty>
        <ExportManifestProperty>
            <EntityAcl>
                <entriesInheriting>true</entriesInheriting>
                <owner>golovachev</owner>
                <ownerType>USER</ownerType>
            </EntityAcl>
        </ExportManifestProperty>
    </ExportManifestEntity>
    <ExportManifestEntity path="ETL/Загрузка данных по категориям позиций для хлебников.ktr">
        <ExportManifestProperty>
            <EntityMetaData name="Загрузка данных по категориям позиций для хлебников.ktr" createdDate="2018-08-07T12:19:18.764+03:00" isFolder="false" path="ETL/Загрузка данных по категориям позиций для хлебников.ktr" isHidden="false" isSchedulable="true" locale="en_US" title="Загрузка данных по категориям позиций для хлебников"/>
        </ExportManifestProperty>
        <ExportManifestProperty>
            <EntityAcl>
                <entriesInheriting>true</entriesInheriting>
                <owner>golovachev</owner>
                <ownerType>USER</ownerType>
            </EntityAcl>
        </ExportManifestProperty>
    </ExportManifestEntity>
    <ExportManifestEntity path="ETL/Загрузка данных по категориям позициям для x5.ktr">
        <ExportManifestProperty>
            <EntityMetaData name="Загрузка данных по категориям позициям для x5.ktr" createdDate="2018-05-18T12:22:59.680+03:00" isFolder="false" path="ETL/Загрузка данных по категориям позициям для x5.ktr" isHidden="false" isSchedulable="true" locale="en_US" title="Загрузка данных по категориям позициям для x5"/>
        </ExportManifestProperty>
        <ExportManifestProperty>
            <EntityAcl>
                <entriesInheriting>true</entriesInheriting>
                <owner>golovachev</owner>
                <ownerType>USER</ownerType>
            </EntityAcl>
        </ExportManifestProperty>
    </ExportManifestEntity>
    <ExportManifestEntity path="ETL/Загрузка документов в stage (цикл).ktr">
        <ExportManifestProperty>
            <EntityMetaData name="Загрузка документов в stage (цикл).ktr" createdDate="2018-03-20T14:37:24.857+03:00" isFolder="false" path="ETL/Загрузка документов в stage (цикл).ktr" isHidden="false" isSchedulable="true" locale="en_US" title="Загрузка документов в stage (цикл)"/>
        </ExportManifestProperty>
        <ExportManifestProperty>
            <EntityAcl>
                <entriesInheriting>true</entriesInheriting>
                <owner>golovachev</owner>
                <ownerType>USER</ownerType>
            </EntityAcl>
        </ExportManifestProperty>
    </ExportManifestEntity>
    <ExportManifestEntity path="ETL/Загрузка документов в stage.ktr">
        <ExportManifestProperty>
            <EntityMetaData name="Загрузка документов в stage.ktr" createdDate="2018-03-12T16:14:02.305+03:00" isFolder="false" path="ETL/Загрузка документов в stage.ktr" isHidden="false" isSchedulable="true" locale="en_US" title="Загрузка документов в stage"/>
        </ExportManifestProperty>
        <ExportManifestProperty>
            <EntityAcl>
                <entriesInheriting>true</entriesInheriting>
                <owner>golovachev</owner>
                <ownerType>USER</ownerType>
            </EntityAcl>
        </ExportManifestProperty>
    </ExportManifestEntity>
    <ExportManifestEntity path="ETL/Загрузка справочника городов.ktr">
        <ExportManifestProperty>
            <EntityMetaData name="Загрузка справочника городов.ktr" createdDate="2018-03-14T07:42:41.735+03:00" isFolder="false" path="ETL/Загрузка справочника городов.ktr" isHidden="false" isSchedulable="true" locale="en_US" title="Загрузка справочника городов"/>
        </ExportManifestProperty>
        <ExportManifestProperty>
            <EntityAcl>
                <entriesInheriting>true</entriesInheriting>
                <owner>golovachev</owner>
                <ownerType>USER</ownerType>
            </EntityAcl>
        </ExportManifestProperty>
    </ExportManifestEntity>
    <ExportManifestEntity path="ETL/ОКВЭД Выгрузка из налоговой.ktr">
        <ExportManifestProperty>
            <EntityMetaData name="ОКВЭД Выгрузка из налоговой.ktr" createdDate="2018-09-06T10:18:08.681+03:00" isFolder="false" path="ETL/ОКВЭД Выгрузка из налоговой.ktr" isHidden="false" isSchedulable="true" locale="en_US" title="ОКВЭД Выгрузка из налоговой"/>
        </ExportManifestProperty>
        <ExportManifestProperty>
            <EntityAcl>
                <entriesInheriting>true</entriesInheriting>
                <owner>golovachev</owner>
                <ownerType>USER</ownerType>
            </EntityAcl>
        </ExportManifestProperty>
    </ExportManifestEntity>
    <ExportManifestEntity path="ETL/ОКВЭД Подготовка списка ИНН.ktr">
        <ExportManifestProperty>
            <EntityMetaData name="ОКВЭД Подготовка списка ИНН.ktr" createdDate="2018-09-06T17:07:11.659+03:00" isFolder="false" path="ETL/ОКВЭД Подготовка списка ИНН.ktr" isHidden="false" isSchedulable="true" locale="en_US" title="ОКВЭД Подготовка списка ИНН"/>
        </ExportManifestProperty>
        <ExportManifestProperty>
            <EntityAcl>
                <entriesInheriting>true</entriesInheriting>
                <owner>golovachev</owner>
                <ownerType>USER</ownerType>
            </EntityAcl>
        </ExportManifestProperty>
    </ExportManifestEntity>
    <ExportManifestEntity path="ETL/ОКВЭД выгрузка в postgres.ktr">
        <ExportManifestProperty>
            <EntityMetaData name="ОКВЭД выгрузка в postgres.ktr" createdDate="2018-09-12T11:19:20.206+03:00" isFolder="false" path="ETL/ОКВЭД выгрузка в postgres.ktr" isHidden="false" isSchedulable="true" locale="en_US" title="ОКВЭД выгрузка в postgres"/>
        </ExportManifestProperty>
        <ExportManifestProperty>
            <EntityAcl>
                <entriesInheriting>true</entriesInheriting>
                <owner>golovachev</owner>
                <ownerType>USER</ownerType>
            </EntityAcl>
        </ExportManifestProperty>
    </ExportManifestEntity>
    <ExportManifestEntity path="ETL/ОКВЭД выгрузка для clickhouse.ktr">
        <ExportManifestProperty>
            <EntityMetaData name="ОКВЭД выгрузка для clickhouse.ktr" createdDate="2018-09-07T14:40:29.349+03:00" isFolder="false" path="ETL/ОКВЭД выгрузка для clickhouse.ktr" isHidden="false" isSchedulable="true" locale="en_US" title="ОКВЭД выгрузка для clickhouse"/>
        </ExportManifestProperty>
        <ExportManifestProperty>
            <EntityAcl>
                <entriesInheriting>true</entriesInheriting>
                <owner>golovachev</owner>
                <ownerType>USER</ownerType>
            </EntityAcl>
        </ExportManifestProperty>
    </ExportManifestEntity>
</ns2:ExportManifest>
